<?xml version="1.0" encoding="UTF-8"?>
<project-private xmlns="http://www.netbeans.org/ns/project-private/1">
    <editor-bookmarks xmlns="http://www.netbeans.org/ns/editor-bookmarks/2" lastBookmarkId="0"/>
    <open-files xmlns="http://www.netbeans.org/ns/projectui-open-files/2">
        <group>
            <file>file:/C:/Users/El%20Juanelo/Documents/Tecnicatura/Laboratorio%204/0%20TRABAJO%20FINAL/ProyectoFinal/ProyectoFinalLaboIV/src/java/Controlador/ControladorArticuloInsumo.java</file>
            <file>file:/C:/Users/El%20Juanelo/Documents/Tecnicatura/Laboratorio%204/0%20TRABAJO%20FINAL/ProyectoFinal/ProyectoFinalLaboIV/src/java/Principal/Principal.java</file>
            <file>file:/C:/Users/El%20Juanelo/Documents/Tecnicatura/Laboratorio%204/0%20TRABAJO%20FINAL/ProyectoFinal/ProyectoFinalLaboIV/src/java/Controlador/ControladorArticuloManufacturadoDetalle.java</file>
            <file>file:/C:/Users/El%20Juanelo/Documents/Tecnicatura/Laboratorio%204/0%20TRABAJO%20FINAL/ProyectoFinal/ProyectoFinalLaboIV/src/java/Modelo/ArticuloManufacturadoDetalle.java</file>
        </group>
    </open-files>
</project-private>
